Workbook

Sheet Risk Assessment
A1: Medical Device Risk Assessment (ISO 14971:2019)
A2: Risk ID | B2: Feature / Item / Function | C2: Hazard category | D2: Hazard | E2: Foreseeable sequence of events (cause) | F2: Hazardous situation | G2: Harm | H2: Affected party | I2: S | J2: P1 | K2: P2 | L2: P | M2: Risk Index | N2: Risk Level | O2: Acceptability | P2: Risk control measure(s) | Q2: Control type | R2: Control verification (effectiveness) | S2: V&V / Traceability ref. | T2: S' | U2: P1' | V2: P2' | W2: P' | X2: Residual Index | Y2: Residual Level | Z2: Residual Acceptability | AA2: New risk introduced? | AB2: Benefit-risk justification | AC2: Residual risk disclosed | AD2: Status
A3: RA-001 | B3: Infusion pump dosing engine | C3: Software fault | D3: Dose miscalculation after unit change | E3: SW miscomputes rate after unit-of-measure change | F3: Infusion faster than prescribed | G3: Overdose - serious injury | H3: Patient | I3: 4 | J3: 3 | K3: 4 | L3: =IF(OR(J3="",K3=""),"",ROUNDUP(J3*K3/5,0)) -> 3 | M3: =IF(OR(I3="",L3=""),"",I3*L3) -> 12 | N3: =IF(M3="","",IF(M3>=Scales!$P$5,"Intolerable",IF(M3>=Scales!$P$6,"High",IF(M3>=Scales!$P$7,"Medium","Low")))) -> High | O3: =IF(M3="","",IF(M3>=Scales!$P$5,"Unacceptable",IF(M3>=Scales!$P$6,"Reduce (ALARP)",IF(M3>=Scales!$P$7,"Acceptable w/ review","Acceptable")))) -> Reduce (ALARP) | P3: Dose-rate hard limit + independent watchdog | Q3: Protective measure | R3: Fault-injection bench test; watchdog halts within 1 s | S3: SW-VER-218; SRS-4.2 | T3: 4 | U3: 1 | V3: 2 | W3: =IF(OR(U3="",V3=""),"",ROUNDUP(U3*V3/5,0)) -> 1 | X3: =IF(OR(T3="",W3=""),"",T3*W3) -> 4 | Y3: =IF(X3="","",IF(X3>=Scales!$P$5,"Intolerable",IF(X3>=Scales!$P$6,"High",IF(X3>=Scales!$P$7,"Medium","Low")))) -> Low | Z3: =IF(X3="","",IF(X3>=Scales!$P$5,"Unacceptable",IF(X3>=Scales!$P$6,"Reduce (ALARP)",IF(X3>=Scales!$P$7,"Acceptable w/ review","Acceptable")))) -> Acceptable | AA3: N/A - residual acceptable | AB3: No | AC3: Yes - IFU Warnings | AD3: =IF(Z3="","",IF(OR(Z3="Unacceptable",O3="Unacceptable"),"OPEN","Closed")) -> Closed
A4: RA-002 | B4: Connected device remote interface | C4: Cybersecurity | D4: Unauthorized access (STRIDE: Tampering) | E4: Weak auth lets attacker alter therapy params | F4: Malicious change to therapy settings | G4: Inappropriate therapy - critical injury | H4: Patient | I4: 4 | J4: 3 | K4: 4 | L4: =IF(OR(J4="",K4=""),"",ROUNDUP(J4*K4/5,0)) -> 3 | M4: =IF(OR(I4="",L4=""),"",I4*L4) -> 12 | N4: =IF(M4="","",IF(M4>=Scales!$P$5,"Intolerable",IF(M4>=Scales!$P$6,"High",IF(M4>=Scales!$P$7,"Medium","Low")))) -> High | O4: =IF(M4="","",IF(M4>=Scales!$P$5,"Unacceptable",IF(M4>=Scales!$P$6,"Reduce (ALARP)",IF(M4>=Scales!$P$7,"Acceptable w/ review","Acceptable")))) -> Reduce (ALARP) | P4: Mutual TLS + signed updates + input validation | Q4: Inherently safe design | R4: Pen-test confirms auth-bypass closed | S4: THREAT-MODEL-7; SBOM-3.1 | T4: 4 | U4: 1 | V4: 2 | W4: =IF(OR(U4="",V4=""),"",ROUNDUP(U4*V4/5,0)) -> 1 | X4: =IF(OR(T4="",W4=""),"",T4*W4) -> 4 | Y4: =IF(X4="","",IF(X4>=Scales!$P$5,"Intolerable",IF(X4>=Scales!$P$6,"High",IF(X4>=Scales!$P$7,"Medium","Low")))) -> Low | Z4: =IF(X4="","",IF(X4>=Scales!$P$5,"Unacceptable",IF(X4>=Scales!$P$6,"Reduce (ALARP)",IF(X4>=Scales!$P$7,"Acceptable w/ review","Acceptable")))) -> Acceptable | AA4: N/A - residual acceptable | AB4: No | AC4: Yes - Security manual | AD4: =IF(Z4="","",IF(OR(Z4="Unacceptable",O4="Unacceptable"),"OPEN","Closed")) -> Closed
A5: RA-003 | B5: Reusable surgical tool | C5: Biological (infection) | D5: Inadequate reprocessing | E5: IFU reprocessing steps unclear to user | F5: Residual bioburden on device | G5: Infection - serious injury | H5: Patient | I5: 3 | J5: 2 | K5: 3 | L5: =IF(OR(J5="",K5=""),"",ROUNDUP(J5*K5/5,0)) -> 2 | M5: =IF(OR(I5="",L5=""),"",I5*L5) -> 6 | N5: =IF(M5="","",IF(M5>=Scales!$P$5,"Intolerable",IF(M5>=Scales!$P$6,"High",IF(M5>=Scales!$P$7,"Medium","Low")))) -> Medium | O5: =IF(M5="","",IF(M5>=Scales!$P$5,"Unacceptable",IF(M5>=Scales!$P$6,"Reduce (ALARP)",IF(M5>=Scales!$P$7,"Acceptable w/ review","Acceptable")))) -> Acceptable w/ review | P5: Validated reprocessing IFU + user training | Q5: Information for safety | R5: Reprocessing validation per ISO 17664 | S5: REP-VAL-09 | T5: 3 | U5: 1 | V5: 2 | W5: =IF(OR(U5="",V5=""),"",ROUNDUP(U5*V5/5,0)) -> 1 | X5: =IF(OR(T5="",W5=""),"",T5*W5) -> 3 | Y5: =IF(X5="","",IF(X5>=Scales!$P$5,"Intolerable",IF(X5>=Scales!$P$6,"High",IF(X5>=Scales!$P$7,"Medium","Low")))) -> Low | Z5: =IF(X5="","",IF(X5>=Scales!$P$5,"Unacceptable",IF(X5>=Scales!$P$6,"Reduce (ALARP)",IF(X5>=Scales!$P$7,"Acceptable w/ review","Acceptable")))) -> Acceptable | AA5: N/A - residual acceptable | AB5: No | AC5: Yes - IFU | AD5: =IF(Z5="","",IF(OR(Z5="Unacceptable",O5="Unacceptable"),"OPEN","Closed")) -> Closed
A6: RA-004 | B6: Patient monitor alarm subsystem | C6: Functional / loss of performance | D6: Missed critical alarm | E6: Alarm thread starves under high CPU load | F6: Clinician not alerted to deterioration | G6: Delayed treatment - serious injury | H6: Patient | I6: 4 | J6: 2 | K6: 3 | L6: =IF(OR(J6="",K6=""),"",ROUNDUP(J6*K6/5,0)) -> 2 | M6: =IF(OR(I6="",L6=""),"",I6*L6) -> 8 | N6: =IF(M6="","",IF(M6>=Scales!$P$5,"Intolerable",IF(M6>=Scales!$P$6,"High",IF(M6>=Scales!$P$7,"Medium","Low")))) -> Medium | O6: =IF(M6="","",IF(M6>=Scales!$P$5,"Unacceptable",IF(M6>=Scales!$P$6,"Reduce (ALARP)",IF(M6>=Scales!$P$7,"Acceptable w/ review","Acceptable")))) -> Acceptable w/ review | P6: Watchdog reset + independent audible backup alarm | Q6: Protective measure | R6: Load test verifies alarm under max load | S6: SW-VER-104 | T6: 4 | U6: 1 | V6: 2 | W6: =IF(OR(U6="",V6=""),"",ROUNDUP(U6*V6/5,0)) -> 1 | X6: =IF(OR(T6="",W6=""),"",T6*W6) -> 4 | Y6: =IF(X6="","",IF(X6>=Scales!$P$5,"Intolerable",IF(X6>=Scales!$P$6,"High",IF(X6>=Scales!$P$7,"Medium","Low")))) -> Low | Z6: =IF(X6="","",IF(X6>=Scales!$P$5,"Unacceptable",IF(X6>=Scales!$P$6,"Reduce (ALARP)",IF(X6>=Scales!$P$7,"Acceptable w/ review","Acceptable")))) -> Acceptable | AA6: N/A - residual acceptable | AB6: No | AC6: Yes - IFU | AD6: =IF(Z6="","",IF(OR(Z6="Unacceptable",O6="Unacceptable"),"OPEN","Closed")) -> Closed
L7: =IF(OR(J7="",K7=""),"",ROUNDUP(J7*K7/5,0)) | M7: =IF(OR(I7="",L7=""),"",I7*L7) | N7: =IF(M7="","",IF(M7>=Scales!$P$5,"Intolerable",IF(M7>=Scales!$P$6,"High",IF(M7>=Scales!$P$7,"Medium","Low")))) | O7: =IF(M7="","",IF(M7>=Scales!$P$5,"Unacceptable",IF(M7>=Scales!$P$6,"Reduce (ALARP)",IF(M7>=Scales!$P$7,"Acceptable w/ review","Acceptable")))) | W7: =IF(OR(U7="",V7=""),"",ROUNDUP(U7*V7/5,0)) | X7: =IF(OR(T7="",W7=""),"",T7*W7) | Y7: =IF(X7="","",IF(X7>=Scales!$P$5,"Intolerable",IF(X7>=Scales!$P$6,"High",IF(X7>=Scales!$P$7,"Medium","Low")))) | Z7: =IF(X7="","",IF(X7>=Scales!$P$5,"Unacceptable",IF(X7>=Scales!$P$6,"Reduce (ALARP)",IF(X7>=Scales!$P$7,"Acceptable w/ review","Acceptable")))) | AD7: =IF(Z7="","",IF(OR(Z7="Unacceptable",O7="Unacceptable"),"OPEN","Closed"))
L8: =IF(OR(J8="",K8=""),"",ROUNDUP(J8*K8/5,0)) | M8: =IF(OR(I8="",L8=""),"",I8*L8) | N8: =IF(M8="","",IF(M8>=Scales!$P$5,"Intolerable",IF(M8>=Scales!$P$6,"High",IF(M8>=Scales!$P$7,"Medium","Low")))) | O8: =IF(M8="","",IF(M8>=Scales!$P$5,"Unacceptable",IF(M8>=Scales!$P$6,"Reduce (ALARP)",IF(M8>=Scales!$P$7,"Acceptable w/ review","Acceptable")))) | W8: =IF(OR(U8="",V8=""),"",ROUNDUP(U8*V8/5,0)) | X8: =IF(OR(T8="",W8=""),"",T8*W8) | Y8: =IF(X8="","",IF(X8>=Scales!$P$5,"Intolerable",IF(X8>=Scales!$P$6,"High",IF(X8>=Scales!$P$7,"Medium","Low")))) | Z8: =IF(X8="","",IF(X8>=Scales!$P$5,"Unacceptable",IF(X8>=Scales!$P$6,"Reduce (ALARP)",IF(X8>=Scales!$P$7,"Acceptable w/ review","Acceptable")))) | AD8: =IF(Z8="","",IF(OR(Z8="Unacceptable",O8="Unacceptable"),"OPEN","Closed"))
L9: =IF(OR(J9="",K9=""),"",ROUNDUP(J9*K9/5,0)) | M9: =IF(OR(I9="",L9=""),"",I9*L9) | N9: =IF(M9="","",IF(M9>=Scales!$P$5,"Intolerable",IF(M9>=Scales!$P$6,"High",IF(M9>=Scales!$P$7,"Medium","Low")))) | O9: =IF(M9="","",IF(M9>=Scales!$P$5,"Unacceptable",IF(M9>=Scales!$P$6,"Reduce (ALARP)",IF(M9>=Scales!$P$7,"Acceptable w/ review","Acceptable")))) | W9: =IF(OR(U9="",V9=""),"",ROUNDUP(U9*V9/5,0)) | X9: =IF(OR(T9="",W9=""),"",T9*W9) | Y9: =IF(X9="","",IF(X9>=Scales!$P$5,"Intolerable",IF(X9>=Scales!$P$6,"High",IF(X9>=Scales!$P$7,"Medium","Low")))) | Z9: =IF(X9="","",IF(X9>=Scales!$P$5,"Unacceptable",IF(X9>=Scales!$P$6,"Reduce (ALARP)",IF(X9>=Scales!$P$7,"Acceptable w/ review","Acceptable")))) | AD9: =IF(Z9="","",IF(OR(Z9="Unacceptable",O9="Unacceptable"),"OPEN","Closed"))
L10: =IF(OR(J10="",K10=""),"",ROUNDUP(J10*K10/5,0)) | M10: =IF(OR(I10="",L10=""),"",I10*L10) | N10: =IF(M10="","",IF(M10>=Scales!$P$5,"Intolerable",IF(M10>=Scales!$P$6,"High",IF(M10>=Scales!$P$7,"Medium","Low")))) | O10: =IF(M10="","",IF(M10>=Scales!$P$5,"Unacceptable",IF(M10>=Scales!$P$6,"Reduce (ALARP)",IF(M10>=Scales!$P$7,"Acceptable w/ review","Acceptable")))) | W10: =IF(OR(U10="",V10=""),"",ROUNDUP(U10*V10/5,0)) | X10: =IF(OR(T10="",W10=""),"",T10*W10) | Y10: =IF(X10="","",IF(X10>=Scales!$P$5,"Intolerable",IF(X10>=Scales!$P$6,"High",IF(X10>=Scales!$P$7,"Medium","Low")))) | Z10: =IF(X10="","",IF(X10>=Scales!$P$5,"Unacceptable",IF(X10>=Scales!$P$6,"Reduce (ALARP)",IF(X10>=Scales!$P$7,"Acceptable w/ review","Acceptable")))) | AD10: =IF(Z10="","",IF(OR(Z10="Unacceptable",O10="Unacceptable"),"OPEN","Closed"))
L11: =IF(OR(J11="",K11=""),"",ROUNDUP(J11*K11/5,0)) | M11: =IF(OR(I11="",L11=""),"",I11*L11) | N11: =IF(M11="","",IF(M11>=Scales!$P$5,"Intolerable",IF(M11>=Scales!$P$6,"High",IF(M11>=Scales!$P$7,"Medium","Low")))) | O11: =IF(M11="","",IF(M11>=Scales!$P$5,"Unacceptable",IF(M11>=Scales!$P$6,"Reduce (ALARP)",IF(M11>=Scales!$P$7,"Acceptable w/ review","Acceptable")))) | W11: =IF(OR(U11="",V11=""),"",ROUNDUP(U11*V11/5,0)) | X11: =IF(OR(T11="",W11=""),"",T11*W11) | Y11: =IF(X11="","",IF(X11>=Scales!$P$5,"Intolerable",IF(X11>=Scales!$P$6,"High",IF(X11>=Scales!$P$7,"Medium","Low")))) | Z11: =IF(X11="","",IF(X11>=Scales!$P$5,"Unacceptable",IF(X11>=Scales!$P$6,"Reduce (ALARP)",IF(X11>=Scales!$P$7,"Acceptable w/ review","Acceptable")))) | AD11: =IF(Z11="","",IF(OR(Z11="Unacceptable",O11="Unacceptable"),"OPEN","Closed"))
L12: =IF(OR(J12="",K12=""),"",ROUNDUP(J12*K12/5,0)) | M12: =IF(OR(I12="",L12=""),"",I12*L12) | N12: =IF(M12="","",IF(M12>=Scales!$P$5,"Intolerable",IF(M12>=Scales!$P$6,"High",IF(M12>=Scales!$P$7,"Medium","Low")))) | O12: =IF(M12="","",IF(M12>=Scales!$P$5,"Unacceptable",IF(M12>=Scales!$P$6,"Reduce (ALARP)",IF(M12>=Scales!$P$7,"Acceptable w/ review","Acceptable")))) | W12: =IF(OR(U12="",V12=""),"",ROUNDUP(U12*V12/5,0)) | X12: =IF(OR(T12="",W12=""),"",T12*W12) | Y12: =IF(X12="","",IF(X12>=Scales!$P$5,"Intolerable",IF(X12>=Scales!$P$6,"High",IF(X12>=Scales!$P$7,"Medium","Low")))) | Z12: =IF(X12="","",IF(X12>=Scales!$P$5,"Unacceptable",IF(X12>=Scales!$P$6,"Reduce (ALARP)",IF(X12>=Scales!$P$7,"Acceptable w/ review","Acceptable")))) | AD12: =IF(Z12="","",IF(OR(Z12="Unacceptable",O12="Unacceptable"),"OPEN","Closed"))
L13: =IF(OR(J13="",K13=""),"",ROUNDUP(J13*K13/5,0)) | M13: =IF(OR(I13="",L13=""),"",I13*L13) | N13: =IF(M13="","",IF(M13>=Scales!$P$5,"Intolerable",IF(M13>=Scales!$P$6,"High",IF(M13>=Scales!$P$7,"Medium","Low")))) | O13: =IF(M13="","",IF(M13>=Scales!$P$5,"Unacceptable",IF(M13>=Scales!$P$6,"Reduce (ALARP)",IF(M13>=Scales!$P$7,"Acceptable w/ review","Acceptable")))) | W13: =IF(OR(U13="",V13=""),"",ROUNDUP(U13*V13/5,0)) | X13: =IF(OR(T13="",W13=""),"",T13*W13) | Y13: =IF(X13="","",IF(X13>=Scales!$P$5,"Intolerable",IF(X13>=Scales!$P$6,"High",IF(X13>=Scales!$P$7,"Medium","Low")))) | Z13: =IF(X13="","",IF(X13>=Scales!$P$5,"Unacceptable",IF(X13>=Scales!$P$6,"Reduce (ALARP)",IF(X13>=Scales!$P$7,"Acceptable w/ review","Acceptable")))) | AD13: =IF(Z13="","",IF(OR(Z13="Unacceptable",O13="Unacceptable"),"OPEN","Closed"))
L14: =IF(OR(J14="",K14=""),"",ROUNDUP(J14*K14/5,0)) | M14: =IF(OR(I14="",L14=""),"",I14*L14) | N14: =IF(M14="","",IF(M14>=Scales!$P$5,"Intolerable",IF(M14>=Scales!$P$6,"High",IF(M14>=Scales!$P$7,"Medium","Low")))) | O14: =IF(M14="","",IF(M14>=Scales!$P$5,"Unacceptable",IF(M14>=Scales!$P$6,"Reduce (ALARP)",IF(M14>=Scales!$P$7,"Acceptable w/ review","Acceptable")))) | W14: =IF(OR(U14="",V14=""),"",ROUNDUP(U14*V14/5,0)) | X14: =IF(OR(T14="",W14=""),"",T14*W14) | Y14: =IF(X14="","",IF(X14>=Scales!$P$5,"Intolerable",IF(X14>=Scales!$P$6,"High",IF(X14>=Scales!$P$7,"Medium","Low")))) | Z14: =IF(X14="","",IF(X14>=Scales!$P$5,"Unacceptable",IF(X14>=Scales!$P$6,"Reduce (ALARP)",IF(X14>=Scales!$P$7,"Acceptable w/ review","Acceptable")))) | AD14: =IF(Z14="","",IF(OR(Z14="Unacceptable",O14="Unacceptable"),"OPEN","Closed"))
L15: =IF(OR(J15="",K15=""),"",ROUNDUP(J15*K15/5,0)) | M15: =IF(OR(I15="",L15=""),"",I15*L15) | N15: =IF(M15="","",IF(M15>=Scales!$P$5,"Intolerable",IF(M15>=Scales!$P$6,"High",IF(M15>=Scales!$P$7,"Medium","Low")))) | O15: =IF(M15="","",IF(M15>=Scales!$P$5,"Unacceptable",IF(M15>=Scales!$P$6,"Reduce (ALARP)",IF(M15>=Scales!$P$7,"Acceptable w/ review","Acceptable")))) | W15: =IF(OR(U15="",V15=""),"",ROUNDUP(U15*V15/5,0)) | X15: =IF(OR(T15="",W15=""),"",T15*W15) | Y15: =IF(X15="","",IF(X15>=Scales!$P$5,"Intolerable",IF(X15>=Scales!$P$6,"High",IF(X15>=Scales!$P$7,"Medium","Low")))) | Z15: =IF(X15="","",IF(X15>=Scales!$P$5,"Unacceptable",IF(X15>=Scales!$P$6,"Reduce (ALARP)",IF(X15>=Scales!$P$7,"Acceptable w/ review","Acceptable")))) | AD15: =IF(Z15="","",IF(OR(Z15="Unacceptable",O15="Unacceptable"),"OPEN","Closed"))
L16: =IF(OR(J16="",K16=""),"",ROUNDUP(J16*K16/5,0)) | M16: =IF(OR(I16="",L16=""),"",I16*L16) | N16: =IF(M16="","",IF(M16>=Scales!$P$5,"Intolerable",IF(M16>=Scales!$P$6,"High",IF(M16>=Scales!$P$7,"Medium","Low")))) | O16: =IF(M16="","",IF(M16>=Scales!$P$5,"Unacceptable",IF(M16>=Scales!$P$6,"Reduce (ALARP)",IF(M16>=Scales!$P$7,"Acceptable w/ review","Acceptable")))) | W16: =IF(OR(U16="",V16=""),"",ROUNDUP(U16*V16/5,0)) | X16: =IF(OR(T16="",W16=""),"",T16*W16) | Y16: =IF(X16="","",IF(X16>=Scales!$P$5,"Intolerable",IF(X16>=Scales!$P$6,"High",IF(X16>=Scales!$P$7,"Medium","Low")))) | Z16: =IF(X16="","",IF(X16>=Scales!$P$5,"Unacceptable",IF(X16>=Scales!$P$6,"Reduce (ALARP)",IF(X16>=Scales!$P$7,"Acceptable w/ review","Acceptable")))) | AD16: =IF(Z16="","",IF(OR(Z16="Unacceptable",O16="Unacceptable"),"OPEN","Closed"))
L17: =IF(OR(J17="",K17=""),"",ROUNDUP(J17*K17/5,0)) | M17: =IF(OR(I17="",L17=""),"",I17*L17) | N17: =IF(M17="","",IF(M17>=Scales!$P$5,"Intolerable",IF(M17>=Scales!$P$6,"High",IF(M17>=Scales!$P$7,"Medium","Low")))) | O17: =IF(M17="","",IF(M17>=Scales!$P$5,"Unacceptable",IF(M17>=Scales!$P$6,"Reduce (ALARP)",IF(M17>=Scales!$P$7,"Acceptable w/ review","Acceptable")))) | W17: =IF(OR(U17="",V17=""),"",ROUNDUP(U17*V17/5,0)) | X17: =IF(OR(T17="",W17=""),"",T17*W17) | Y17: =IF(X17="","",IF(X17>=Scales!$P$5,"Intolerable",IF(X17>=Scales!$P$6,"High",IF(X17>=Scales!$P$7,"Medium","Low")))) | Z17: =IF(X17="","",IF(X17>=Scales!$P$5,"Unacceptable",IF(X17>=Scales!$P$6,"Reduce (ALARP)",IF(X17>=Scales!$P$7,"Acceptable w/ review","Acceptable")))) | AD17: =IF(Z17="","",IF(OR(Z17="Unacceptable",O17="Unacceptable"),"OPEN","Closed"))
L18: =IF(OR(J18="",K18=""),"",ROUNDUP(J18*K18/5,0)) | M18: =IF(OR(I18="",L18=""),"",I18*L18) | N18: =IF(M18="","",IF(M18>=Scales!$P$5,"Intolerable",IF(M18>=Scales!$P$6,"High",IF(M18>=Scales!$P$7,"Medium","Low")))) | O18: =IF(M18="","",IF(M18>=Scales!$P$5,"Unacceptable",IF(M18>=Scales!$P$6,"Reduce (ALARP)",IF(M18>=Scales!$P$7,"Acceptable w/ review","Acceptable")))) | W18: =IF(OR(U18="",V18=""),"",ROUNDUP(U18*V18/5,0)) | X18: =IF(OR(T18="",W18=""),"",T18*W18) | Y18: =IF(X18="","",IF(X18>=Scales!$P$5,"Intolerable",IF(X18>=Scales!$P$6,"High",IF(X18>=Scales!$P$7,"Medium","Low")))) | Z18: =IF(X18="","",IF(X18>=Scales!$P$5,"Unacceptable",IF(X18>=Scales!$P$6,"Reduce (ALARP)",IF(X18>=Scales!$P$7,"Acceptable w/ review","Acceptable")))) | AD18: =IF(Z18="","",IF(OR(Z18="Unacceptable",O18="Unacceptable"),"OPEN","Closed"))
... L24: =IF(OR(J24="",K24=""),"",ROUNDUP(J24*K24/5,0)) | M24: =IF(OR(I24="",L24=""),"",I24*L24) | N24: =IF(M24="","",IF(M24>=Scales!$P$5,"Intolerable",IF(M24>=Scales!$P$6,"High",IF(M24>=Scales!$P$7,"Medium","Low")))) | O24: =IF(M24="","",IF(M24>=Scales!$P$5,"Unacceptable",IF(M24>=Scales!$P$6,"Reduce (ALARP)",IF(M24>=Scales!$P$7,"Acceptable w/ review","Acceptable")))) | W24: =IF(OR(U24="",V24=""),"",ROUNDUP(U24*V24/5,0)) | X24: =IF(OR(T24="",W24=""),"",T24*W24) | Y24: =IF(X24="","",IF(X24>=Scales!$P$5,"Intolerable",IF(X24>=Scales!$P$6,"High",IF(X24>=Scales!$P$7,"Medium","Low")))) | Z24: =IF(X24="","",IF(X24>=Scales!$P$5,"Unacceptable",IF(X24>=Scales!$P$6,"Reduce (ALARP)",IF(X24>=Scales!$P$7,"Acceptable w/ review","Acceptable")))) | AD24: =IF(Z24="","",IF(OR(Z24="Unacceptable",O24="Unacceptable"),"OPEN","Closed"))

Sheet Scales
B2: Scoring Scales & Risk Acceptability
B4: SEVERITY OF HARM (S) | F4: ACCEPTABILITY (Risk Index = S x P, 1-25) | O4: Thresholds used by formulas (do not move):
O5: Intolerable >= | P5: 16
B6: 1 | C6: Negligible | D6: No injury or slight inconvenience; no intervention. | F6: 16 | G6: Intolerable | H6: Unacceptable - must reduce risk before proceeding | O6: High >= | P6: 10
B7: 2 | C7: Minor | D7: Temporary injury not requiring professional intervention. | F7: 10 | G7: High | H7: Undesirable - reduce as far as possible (ALARP); justify residual | O7: Medium >= | P7: 5
B8: 3 | C8: Serious | D8: Injury requiring professional medical intervention. | F8: 5 | G8: Medium | H8: Acceptable with review / documented controls
B9: 4 | C9: Critical | D9: Permanent impairment or reversible life-threatening injury. | F9: 1 | G9: Low | H9: Broadly acceptable - no further action required
B10: 5 | C10: Catastrophic | D10: Death or permanent loss of life-sustaining function.
B12: PROBABILITY OF HARM (P, via P1 x P2) | F12: RISK MATRIX (cell = Seve x Prob)
F13: Severity\Probability | G13: 1 | H13: 2 | I13: 3 | J13: 4 | K13: 5
B14: 1 | C14: Improbable | D14: < 1 in 1,000,000 | F14: 5 | G14: 5 | H14: 10 | I14: 15 | J14: 20 | K14: 25
B15: 2 | C15: Remote | D15: 1 in 100k-1M | F15: 4 | G15: 4 | H15: 8 | I15: 12 | J15: 16 | K15: 20
B16: 3 | C16: Occasional | D16: 1 in 1k-100k | F16: 3 | G16: 3 | H16: 6 | I16: 9 | J16: 12 | K16: 15
B17: 4 | C17: Probable | D17: 1 in 100-1k | F17: 2 | G17: 2 | H17: 4 | I17: 6 | J17: 8 | K17: 10
B18: 5 | C18: Frequent | D18: > 1 in 100 | F18: 1 | G18: 1 | H18: 2 | I18: 3 | J18: 4 | K18: 5
B20: P1 = prob. hazardous situation occurs; P2 = prob. it leads to harm. P = ROUNDUP(P1*P2/5,0).

Sheet Hazard Mapping
B2: Hazard Mapping — ISO 14971 / ISO/TR 24971 (Annex C style)
B4: Hazard category | C4: Hazard | D4: Typical hazardous situation | E4: Potential harm | F4: Typ. Severity
B5: Electrical energy | C5: Leakage current / insulation failure | D5: Patient contacts live part | E5: Electric shock / burns | F5: 4
B6: Thermal energy | C6: Surface over-temperature | D6: Skin contact with hot surface | E6: Thermal burn | F6: 3
B7: Mechanical energy | C7: Sharp edge / moving part | D7: Contact during use or service | E7: Laceration / crush injury | F7: 3
B8: Radiation energy | C8: Excess dose / output | D8: Patient over-exposed | E8: Tissue damage / long-term cancer risk | F8: 4
B9: Biological (infection) | C9: Inadequate reprocessing / non-sterile | D9: Contaminated device used on patient | E9: Infection / sepsis | F9: 4
B10: Chemical / biocompatibility | C10: Leachables / cytotoxic material | D10: Prolonged tissue contact | E10: Toxic or allergic reaction | F10: 3
B11: Functional / loss of performance | C11: Therapy delivery failure | D11: Therapy not delivered or incorrect | E11: Injury from missed / incorrect therapy | F11: 4
B12: Software fault | C12: Logic error, crash, race condition | D12: Incorrect output or no output | E12: Misdiagnosis / wrong therapy | F12: 4
B13: Information / labeling | C13: Ambiguous IFU or labeling | D13: User misunderstands intended use | E13: Use error leading to harm | F13: 3
B14: Use error | C14: Confusing UI / alarm fatigue | D14: Critical step omitted or mis-set | E14: Delayed or incorrect treatment | F14: 4
B15: Cybersecurity | C15: Unauthorized access / tampering (STRIDE) | D15: Malicious change to settings or data | E15: Inappropriate therapy / data loss | F15: 4
B16: Environmental / EMC | C16: Electromagnetic interference | D16: Device malfunctions near EM source | E16: Temporary loss of function | F16: 3
