Workbook

Sheet Risk Register
A1: Technology Risk Assessment (Reputation / Financial / IP loss) — NIST / ISO 27005 / FAIR
A2: Risk ID | B2: Asset / system | C2: STRIDE category | D2: Threat / risk event | E2: Threat source / actor | F2: Vulnerability / cause | G2: Consequence | H2: Risk owner | I2: L | J2: Reputation Impact | K2: Financial Impact | L2: IP Loss Impact | M2: Aggregate Impact | N2: Inherent Score | O2: Inherent Level | P2: Acceptability | Q2: Existing controls | R2: Additional control / mitigation | S2: Control type | T2: CVE / SBOM / ref | U2: L' | V2: Rep' | W2: Fin' | X2: IP' | Y2: Agg Impact' | Z2: Residual Score | AA2: Residual Level | AB2: Residual Acceptability | AC2: Primary loss type | AD2: Status
A3: TECH-001 | B3: Customer database / web app | C3: Information disclosure | D3: Customer data breach (PII) | E3: External attacker | F3: Exploited web vulnerability; no WAF | G3: Regulatory fines + churn + brand damage | H3: CISO | I3: 3 | J3: 5 | K3: 4 | L3: 2 | M3: =IF(COUNT(J3:L3)=0,"",MAX(J3:L3)) -> 5 | N3: =IF(OR(I3="",M3=""),"",I3*M3) -> 15 | O3: =IF(N3="","",IF(N3>=Scales!$P$5,"Intolerable",IF(N3>=Scales!$P$6,"High",IF(N3>=Scales!$P$7,"Medium","Low")))) -> High | P3: =IF(N3="","",IF(N3>=Scales!$P$5,"Unacceptable",IF(N3>=Scales!$P$6,"Reduce (ALARP)",IF(N3>=Scales!$P$7,"Acceptable w/ review","Acceptable")))) -> Reduce (ALARP) | Q3: TLS in transit; basic logging | R3: WAF + encryption at rest + IR plan + quarterly pen-test | S3: Protective measure | T3: CVE-2024-XXXX; SBOM-3.1 | U3: 2 | V3: 3 | W3: 3 | X3: 2 | Y3: =IF(COUNT(V3:X3)=0,"",MAX(V3:X3)) -> 3 | Z3: =IF(OR(U3="",Y3=""),"",U3*Y3) -> 6 | AA3: =IF(Z3="","",IF(Z3>=Scales!$P$5,"Intolerable",IF(Z3>=Scales!$P$6,"High",IF(Z3>=Scales!$P$7,"Medium","Low")))) -> Medium | AB3: =IF(Z3="","",IF(Z3>=Scales!$P$5,"Unacceptable",IF(Z3>=Scales!$P$6,"Reduce (ALARP)",IF(Z3>=Scales!$P$7,"Acceptable w/ review","Acceptable")))) -> Acceptable w/ review | AC3: =IF(M3="","",IF(AND(J3>=K3,J3>=L3),"Reputation",IF(AND(K3>=J3,K3>=L3),"Financial","IP"))) -> Reputation | AD3: =IF(AB3="","",IF(OR(AB3="Unacceptable",P3="Unacceptable"),"OPEN","Monitor")) -> Monitor
A4: TECH-002 | B4: Source-code repository | C4: IP theft | D4: Source-code / trade-secret theft | E4: Malicious insider | F4: Weak access controls; no DLP | G4: Loss of competitive advantage; IP erosion | H4: CTO | I4: 2 | J4: 3 | K4: 3 | L4: 5 | M4: =IF(COUNT(J4:L4)=0,"",MAX(J4:L4)) -> 5 | N4: =IF(OR(I4="",M4=""),"",I4*M4) -> 10 | O4: =IF(N4="","",IF(N4>=Scales!$P$5,"Intolerable",IF(N4>=Scales!$P$6,"High",IF(N4>=Scales!$P$7,"Medium","Low")))) -> High | P4: =IF(N4="","",IF(N4>=Scales!$P$5,"Unacceptable",IF(N4>=Scales!$P$6,"Reduce (ALARP)",IF(N4>=Scales!$P$7,"Acceptable w/ review","Acceptable")))) -> Reduce (ALARP) | Q4: SSO; repo permissions | R4: DLP + least-privilege + repo access monitoring + NDAs | S4: Detective control | T4: SBOM-3.1 | U4: 1 | V4: 2 | W4: 2 | X4: 3 | Y4: =IF(COUNT(V4:X4)=0,"",MAX(V4:X4)) -> 3 | Z4: =IF(OR(U4="",Y4=""),"",U4*Y4) -> 3 | AA4: =IF(Z4="","",IF(Z4>=Scales!$P$5,"Intolerable",IF(Z4>=Scales!$P$6,"High",IF(Z4>=Scales!$P$7,"Medium","Low")))) -> Low | AB4: =IF(Z4="","",IF(Z4>=Scales!$P$5,"Unacceptable",IF(Z4>=Scales!$P$6,"Reduce (ALARP)",IF(Z4>=Scales!$P$7,"Acceptable w/ review","Acceptable")))) -> Acceptable | AC4: =IF(M4="","",IF(AND(J4>=K4,J4>=L4),"Reputation",IF(AND(K4>=J4,K4>=L4),"Financial","IP"))) -> IP | AD4: =IF(AB4="","",IF(OR(AB4="Unacceptable",P4="Unacceptable"),"OPEN","Monitor")) -> Monitor
A5: TECH-003 | B5: Production SaaS platform | C5: Denial of service | D5: Critical SaaS outage | E5: External / botnet | F5: Single-region dependency; no failover | G5: SLA penalties + revenue loss + reputation | H5: VP Engineering | I5: 3 | J5: 4 | K5: 4 | L5: 1 | M5: =IF(COUNT(J5:L5)=0,"",MAX(J5:L5)) -> 4 | N5: =IF(OR(I5="",M5=""),"",I5*M5) -> 12 | O5: =IF(N5="","",IF(N5>=Scales!$P$5,"Intolerable",IF(N5>=Scales!$P$6,"High",IF(N5>=Scales!$P$7,"Medium","Low")))) -> High | P5: =IF(N5="","",IF(N5>=Scales!$P$5,"Unacceptable",IF(N5>=Scales!$P$6,"Reduce (ALARP)",IF(N5>=Scales!$P$7,"Acceptable w/ review","Acceptable")))) -> Reduce (ALARP) | Q5: CDN; autoscaling | R5: Multi-region HA + DR runbook + chaos testing | S5: Inherently secure design | T5: DR-PLAN-2 | U5: 2 | V5: 3 | W5: 3 | X5: 1 | Y5: =IF(COUNT(V5:X5)=0,"",MAX(V5:X5)) -> 3 | Z5: =IF(OR(U5="",Y5=""),"",U5*Y5) -> 6 | AA5: =IF(Z5="","",IF(Z5>=Scales!$P$5,"Intolerable",IF(Z5>=Scales!$P$6,"High",IF(Z5>=Scales!$P$7,"Medium","Low")))) -> Medium | AB5: =IF(Z5="","",IF(Z5>=Scales!$P$5,"Unacceptable",IF(Z5>=Scales!$P$6,"Reduce (ALARP)",IF(Z5>=Scales!$P$7,"Acceptable w/ review","Acceptable")))) -> Acceptable w/ review | AC5: =IF(M5="","",IF(AND(J5>=K5,J5>=L5),"Reputation",IF(AND(K5>=J5,K5>=L5),"Financial","IP"))) -> Reputation | AD5: =IF(AB5="","",IF(OR(AB5="Unacceptable",P5="Unacceptable"),"OPEN","Monitor")) -> Monitor
A6: TECH-004 | B6: Software supply chain | C6: Supply chain | D6: Open-source licence / IP infringement | E6: Third-party dependency | F6: Unvetted copyleft dependency | G6: Forced disclosure of proprietary code; litigation | H6: Legal + Eng | I6: 3 | J6: 2 | K6: 3 | L6: 4 | M6: =IF(COUNT(J6:L6)=0,"",MAX(J6:L6)) -> 4 | N6: =IF(OR(I6="",M6=""),"",I6*M6) -> 12 | O6: =IF(N6="","",IF(N6>=Scales!$P$5,"Intolerable",IF(N6>=Scales!$P$6,"High",IF(N6>=Scales!$P$7,"Medium","Low")))) -> High | P6: =IF(N6="","",IF(N6>=Scales!$P$5,"Unacceptable",IF(N6>=Scales!$P$6,"Reduce (ALARP)",IF(N6>=Scales!$P$7,"Acceptable w/ review","Acceptable")))) -> Reduce (ALARP) | Q6: Manual review | R6: SBOM + automated licence scanning in CI + approval gate | S6: Procedural control | T6: SBOM-3.1; SCA-7 | U6: 1 | V6: 1 | W6: 2 | X6: 2 | Y6: =IF(COUNT(V6:X6)=0,"",MAX(V6:X6)) -> 2 | Z6: =IF(OR(U6="",Y6=""),"",U6*Y6) -> 2 | AA6: =IF(Z6="","",IF(Z6>=Scales!$P$5,"Intolerable",IF(Z6>=Scales!$P$6,"High",IF(Z6>=Scales!$P$7,"Medium","Low")))) -> Low | AB6: =IF(Z6="","",IF(Z6>=Scales!$P$5,"Unacceptable",IF(Z6>=Scales!$P$6,"Reduce (ALARP)",IF(Z6>=Scales!$P$7,"Acceptable w/ review","Acceptable")))) -> Acceptable | AC6: =IF(M6="","",IF(AND(J6>=K6,J6>=L6),"Reputation",IF(AND(K6>=J6,K6>=L6),"Financial","IP"))) -> IP | AD6: =IF(AB6="","",IF(OR(AB6="Unacceptable",P6="Unacceptable"),"OPEN","Monitor")) -> Monitor
M7: =IF(COUNT(J7:L7)=0,"",MAX(J7:L7)) | N7: =IF(OR(I7="",M7=""),"",I7*M7) | O7: =IF(N7="","",IF(N7>=Scales!$P$5,"Intolerable",IF(N7>=Scales!$P$6,"High",IF(N7>=Scales!$P$7,"Medium","Low")))) | P7: =IF(N7="","",IF(N7>=Scales!$P$5,"Unacceptable",IF(N7>=Scales!$P$6,"Reduce (ALARP)",IF(N7>=Scales!$P$7,"Acceptable w/ review","Acceptable")))) | Y7: =IF(COUNT(V7:X7)=0,"",MAX(V7:X7)) | Z7: =IF(OR(U7="",Y7=""),"",U7*Y7) | AA7: =IF(Z7="","",IF(Z7>=Scales!$P$5,"Intolerable",IF(Z7>=Scales!$P$6,"High",IF(Z7>=Scales!$P$7,"Medium","Low")))) | AB7: =IF(Z7="","",IF(Z7>=Scales!$P$5,"Unacceptable",IF(Z7>=Scales!$P$6,"Reduce (ALARP)",IF(Z7>=Scales!$P$7,"Acceptable w/ review","Acceptable")))) | AC7: =IF(M7="","",IF(AND(J7>=K7,J7>=L7),"Reputation",IF(AND(K7>=J7,K7>=L7),"Financial","IP"))) | AD7: =IF(AB7="","",IF(OR(AB7="Unacceptable",P7="Unacceptable"),"OPEN","Monitor"))
M8: =IF(COUNT(J8:L8)=0,"",MAX(J8:L8)) | N8: =IF(OR(I8="",M8=""),"",I8*M8) | O8: =IF(N8="","",IF(N8>=Scales!$P$5,"Intolerable",IF(N8>=Scales!$P$6,"High",IF(N8>=Scales!$P$7,"Medium","Low")))) | P8: =IF(N8="","",IF(N8>=Scales!$P$5,"Unacceptable",IF(N8>=Scales!$P$6,"Reduce (ALARP)",IF(N8>=Scales!$P$7,"Acceptable w/ review","Acceptable")))) | Y8: =IF(COUNT(V8:X8)=0,"",MAX(V8:X8)) | Z8: =IF(OR(U8="",Y8=""),"",U8*Y8) | AA8: =IF(Z8="","",IF(Z8>=Scales!$P$5,"Intolerable",IF(Z8>=Scales!$P$6,"High",IF(Z8>=Scales!$P$7,"Medium","Low")))) | AB8: =IF(Z8="","",IF(Z8>=Scales!$P$5,"Unacceptable",IF(Z8>=Scales!$P$6,"Reduce (ALARP)",IF(Z8>=Scales!$P$7,"Acceptable w/ review","Acceptable")))) | AC8: =IF(M8="","",IF(AND(J8>=K8,J8>=L8),"Reputation",IF(AND(K8>=J8,K8>=L8),"Financial","IP"))) | AD8: =IF(AB8="","",IF(OR(AB8="Unacceptable",P8="Unacceptable"),"OPEN","Monitor"))
M9: =IF(COUNT(J9:L9)=0,"",MAX(J9:L9)) | N9: =IF(OR(I9="",M9=""),"",I9*M9) | O9: =IF(N9="","",IF(N9>=Scales!$P$5,"Intolerable",IF(N9>=Scales!$P$6,"High",IF(N9>=Scales!$P$7,"Medium","Low")))) | P9: =IF(N9="","",IF(N9>=Scales!$P$5,"Unacceptable",IF(N9>=Scales!$P$6,"Reduce (ALARP)",IF(N9>=Scales!$P$7,"Acceptable w/ review","Acceptable")))) | Y9: =IF(COUNT(V9:X9)=0,"",MAX(V9:X9)) | Z9: =IF(OR(U9="",Y9=""),"",U9*Y9) | AA9: =IF(Z9="","",IF(Z9>=Scales!$P$5,"Intolerable",IF(Z9>=Scales!$P$6,"High",IF(Z9>=Scales!$P$7,"Medium","Low")))) | AB9: =IF(Z9="","",IF(Z9>=Scales!$P$5,"Unacceptable",IF(Z9>=Scales!$P$6,"Reduce (ALARP)",IF(Z9>=Scales!$P$7,"Acceptable w/ review","Acceptable")))) | AC9: =IF(M9="","",IF(AND(J9>=K9,J9>=L9),"Reputation",IF(AND(K9>=J9,K9>=L9),"Financial","IP"))) | AD9: =IF(AB9="","",IF(OR(AB9="Unacceptable",P9="Unacceptable"),"OPEN","Monitor"))
M10: =IF(COUNT(J10:L10)=0,"",MAX(J10:L10)) | N10: =IF(OR(I10="",M10=""),"",I10*M10) | O10: =IF(N10="","",IF(N10>=Scales!$P$5,"Intolerable",IF(N10>=Scales!$P$6,"High",IF(N10>=Scales!$P$7,"Medium","Low")))) | P10: =IF(N10="","",IF(N10>=Scales!$P$5,"Unacceptable",IF(N10>=Scales!$P$6,"Reduce (ALARP)",IF(N10>=Scales!$P$7,"Acceptable w/ review","Acceptable")))) | Y10: =IF(COUNT(V10:X10)=0,"",MAX(V10:X10)) | Z10: =IF(OR(U10="",Y10=""),"",U10*Y10) | AA10: =IF(Z10="","",IF(Z10>=Scales!$P$5,"Intolerable",IF(Z10>=Scales!$P$6,"High",IF(Z10>=Scales!$P$7,"Medium","Low")))) | AB10: =IF(Z10="","",IF(Z10>=Scales!$P$5,"Unacceptable",IF(Z10>=Scales!$P$6,"Reduce (ALARP)",IF(Z10>=Scales!$P$7,"Acceptable w/ review","Acceptable")))) | AC10: =IF(M10="","",IF(AND(J10>=K10,J10>=L10),"Reputation",IF(AND(K10>=J10,K10>=L10),"Financial","IP"))) | AD10: =IF(AB10="","",IF(OR(AB10="Unacceptable",P10="Unacceptable"),"OPEN","Monitor"))
M11: =IF(COUNT(J11:L11)=0,"",MAX(J11:L11)) | N11: =IF(OR(I11="",M11=""),"",I11*M11) | O11: =IF(N11="","",IF(N11>=Scales!$P$5,"Intolerable",IF(N11>=Scales!$P$6,"High",IF(N11>=Scales!$P$7,"Medium","Low")))) | P11: =IF(N11="","",IF(N11>=Scales!$P$5,"Unacceptable",IF(N11>=Scales!$P$6,"Reduce (ALARP)",IF(N11>=Scales!$P$7,"Acceptable w/ review","Acceptable")))) | Y11: =IF(COUNT(V11:X11)=0,"",MAX(V11:X11)) | Z11: =IF(OR(U11="",Y11=""),"",U11*Y11) | AA11: =IF(Z11="","",IF(Z11>=Scales!$P$5,"Intolerable",IF(Z11>=Scales!$P$6,"High",IF(Z11>=Scales!$P$7,"Medium","Low")))) | AB11: =IF(Z11="","",IF(Z11>=Scales!$P$5,"Unacceptable",IF(Z11>=Scales!$P$6,"Reduce (ALARP)",IF(Z11>=Scales!$P$7,"Acceptable w/ review","Acceptable")))) | AC11: =IF(M11="","",IF(AND(J11>=K11,J11>=L11),"Reputation",IF(AND(K11>=J11,K11>=L11),"Financial","IP"))) | AD11: =IF(AB11="","",IF(OR(AB11="Unacceptable",P11="Unacceptable"),"OPEN","Monitor"))
M12: =IF(COUNT(J12:L12)=0,"",MAX(J12:L12)) | N12: =IF(OR(I12="",M12=""),"",I12*M12) | O12: =IF(N12="","",IF(N12>=Scales!$P$5,"Intolerable",IF(N12>=Scales!$P$6,"High",IF(N12>=Scales!$P$7,"Medium","Low")))) | P12: =IF(N12="","",IF(N12>=Scales!$P$5,"Unacceptable",IF(N12>=Scales!$P$6,"Reduce (ALARP)",IF(N12>=Scales!$P$7,"Acceptable w/ review","Acceptable")))) | Y12: =IF(COUNT(V12:X12)=0,"",MAX(V12:X12)) | Z12: =IF(OR(U12="",Y12=""),"",U12*Y12) | AA12: =IF(Z12="","",IF(Z12>=Scales!$P$5,"Intolerable",IF(Z12>=Scales!$P$6,"High",IF(Z12>=Scales!$P$7,"Medium","Low")))) | AB12: =IF(Z12="","",IF(Z12>=Scales!$P$5,"Unacceptable",IF(Z12>=Scales!$P$6,"Reduce (ALARP)",IF(Z12>=Scales!$P$7,"Acceptable w/ review","Acceptable")))) | AC12: =IF(M12="","",IF(AND(J12>=K12,J12>=L12),"Reputation",IF(AND(K12>=J12,K12>=L12),"Financial","IP"))) | AD12: =IF(AB12="","",IF(OR(AB12="Unacceptable",P12="Unacceptable"),"OPEN","Monitor"))
M13: =IF(COUNT(J13:L13)=0,"",MAX(J13:L13)) | N13: =IF(OR(I13="",M13=""),"",I13*M13) | O13: =IF(N13="","",IF(N13>=Scales!$P$5,"Intolerable",IF(N13>=Scales!$P$6,"High",IF(N13>=Scales!$P$7,"Medium","Low")))) | P13: =IF(N13="","",IF(N13>=Scales!$P$5,"Unacceptable",IF(N13>=Scales!$P$6,"Reduce (ALARP)",IF(N13>=Scales!$P$7,"Acceptable w/ review","Acceptable")))) | Y13: =IF(COUNT(V13:X13)=0,"",MAX(V13:X13)) | Z13: =IF(OR(U13="",Y13=""),"",U13*Y13) | AA13: =IF(Z13="","",IF(Z13>=Scales!$P$5,"Intolerable",IF(Z13>=Scales!$P$6,"High",IF(Z13>=Scales!$P$7,"Medium","Low")))) | AB13: =IF(Z13="","",IF(Z13>=Scales!$P$5,"Unacceptable",IF(Z13>=Scales!$P$6,"Reduce (ALARP)",IF(Z13>=Scales!$P$7,"Acceptable w/ review","Acceptable")))) | AC13: =IF(M13="","",IF(AND(J13>=K13,J13>=L13),"Reputation",IF(AND(K13>=J13,K13>=L13),"Financial","IP"))) | AD13: =IF(AB13="","",IF(OR(AB13="Unacceptable",P13="Unacceptable"),"OPEN","Monitor"))
M14: =IF(COUNT(J14:L14)=0,"",MAX(J14:L14)) | N14: =IF(OR(I14="",M14=""),"",I14*M14) | O14: =IF(N14="","",IF(N14>=Scales!$P$5,"Intolerable",IF(N14>=Scales!$P$6,"High",IF(N14>=Scales!$P$7,"Medium","Low")))) | P14: =IF(N14="","",IF(N14>=Scales!$P$5,"Unacceptable",IF(N14>=Scales!$P$6,"Reduce (ALARP)",IF(N14>=Scales!$P$7,"Acceptable w/ review","Acceptable")))) | Y14: =IF(COUNT(V14:X14)=0,"",MAX(V14:X14)) | Z14: =IF(OR(U14="",Y14=""),"",U14*Y14) | AA14: =IF(Z14="","",IF(Z14>=Scales!$P$5,"Intolerable",IF(Z14>=Scales!$P$6,"High",IF(Z14>=Scales!$P$7,"Medium","Low")))) | AB14: =IF(Z14="","",IF(Z14>=Scales!$P$5,"Unacceptable",IF(Z14>=Scales!$P$6,"Reduce (ALARP)",IF(Z14>=Scales!$P$7,"Acceptable w/ review","Acceptable")))) | AC14: =IF(M14="","",IF(AND(J14>=K14,J14>=L14),"Reputation",IF(AND(K14>=J14,K14>=L14),"Financial","IP"))) | AD14: =IF(AB14="","",IF(OR(AB14="Unacceptable",P14="Unacceptable"),"OPEN","Monitor"))
M15: =IF(COUNT(J15:L15)=0,"",MAX(J15:L15)) | N15: =IF(OR(I15="",M15=""),"",I15*M15) | O15: =IF(N15="","",IF(N15>=Scales!$P$5,"Intolerable",IF(N15>=Scales!$P$6,"High",IF(N15>=Scales!$P$7,"Medium","Low")))) | P15: =IF(N15="","",IF(N15>=Scales!$P$5,"Unacceptable",IF(N15>=Scales!$P$6,"Reduce (ALARP)",IF(N15>=Scales!$P$7,"Acceptable w/ review","Acceptable")))) | Y15: =IF(COUNT(V15:X15)=0,"",MAX(V15:X15)) | Z15: =IF(OR(U15="",Y15=""),"",U15*Y15) | AA15: =IF(Z15="","",IF(Z15>=Scales!$P$5,"Intolerable",IF(Z15>=Scales!$P$6,"High",IF(Z15>=Scales!$P$7,"Medium","Low")))) | AB15: =IF(Z15="","",IF(Z15>=Scales!$P$5,"Unacceptable",IF(Z15>=Scales!$P$6,"Reduce (ALARP)",IF(Z15>=Scales!$P$7,"Acceptable w/ review","Acceptable")))) | AC15: =IF(M15="","",IF(AND(J15>=K15,J15>=L15),"Reputation",IF(AND(K15>=J15,K15>=L15),"Financial","IP"))) | AD15: =IF(AB15="","",IF(OR(AB15="Unacceptable",P15="Unacceptable"),"OPEN","Monitor"))
M16: =IF(COUNT(J16:L16)=0,"",MAX(J16:L16)) | N16: =IF(OR(I16="",M16=""),"",I16*M16) | O16: =IF(N16="","",IF(N16>=Scales!$P$5,"Intolerable",IF(N16>=Scales!$P$6,"High",IF(N16>=Scales!$P$7,"Medium","Low")))) | P16: =IF(N16="","",IF(N16>=Scales!$P$5,"Unacceptable",IF(N16>=Scales!$P$6,"Reduce (ALARP)",IF(N16>=Scales!$P$7,"Acceptable w/ review","Acceptable")))) | Y16: =IF(COUNT(V16:X16)=0,"",MAX(V16:X16)) | Z16: =IF(OR(U16="",Y16=""),"",U16*Y16) | AA16: =IF(Z16="","",IF(Z16>=Scales!$P$5,"Intolerable",IF(Z16>=Scales!$P$6,"High",IF(Z16>=Scales!$P$7,"Medium","Low")))) | AB16: =IF(Z16="","",IF(Z16>=Scales!$P$5,"Unacceptable",IF(Z16>=Scales!$P$6,"Reduce (ALARP)",IF(Z16>=Scales!$P$7,"Acceptable w/ review","Acceptable")))) | AC16: =IF(M16="","",IF(AND(J16>=K16,J16>=L16),"Reputation",IF(AND(K16>=J16,K16>=L16),"Financial","IP"))) | AD16: =IF(AB16="","",IF(OR(AB16="Unacceptable",P16="Unacceptable"),"OPEN","Monitor"))
M17: =IF(COUNT(J17:L17)=0,"",MAX(J17:L17)) | N17: =IF(OR(I17="",M17=""),"",I17*M17) | O17: =IF(N17="","",IF(N17>=Scales!$P$5,"Intolerable",IF(N17>=Scales!$P$6,"High",IF(N17>=Scales!$P$7,"Medium","Low")))) | P17: =IF(N17="","",IF(N17>=Scales!$P$5,"Unacceptable",IF(N17>=Scales!$P$6,"Reduce (ALARP)",IF(N17>=Scales!$P$7,"Acceptable w/ review","Acceptable")))) | Y17: =IF(COUNT(V17:X17)=0,"",MAX(V17:X17)) | Z17: =IF(OR(U17="",Y17=""),"",U17*Y17) | AA17: =IF(Z17="","",IF(Z17>=Scales!$P$5,"Intolerable",IF(Z17>=Scales!$P$6,"High",IF(Z17>=Scales!$P$7,"Medium","Low")))) | AB17: =IF(Z17="","",IF(Z17>=Scales!$P$5,"Unacceptable",IF(Z17>=Scales!$P$6,"Reduce (ALARP)",IF(Z17>=Scales!$P$7,"Acceptable w/ review","Acceptable")))) | AC17: =IF(M17="","",IF(AND(J17>=K17,J17>=L17),"Reputation",IF(AND(K17>=J17,K17>=L17),"Financial","IP"))) | AD17: =IF(AB17="","",IF(OR(AB17="Unacceptable",P17="Unacceptable"),"OPEN","Monitor"))
M18: =IF(COUNT(J18:L18)=0,"",MAX(J18:L18)) | N18: =IF(OR(I18="",M18=""),"",I18*M18) | O18: =IF(N18="","",IF(N18>=Scales!$P$5,"Intolerable",IF(N18>=Scales!$P$6,"High",IF(N18>=Scales!$P$7,"Medium","Low")))) | P18: =IF(N18="","",IF(N18>=Scales!$P$5,"Unacceptable",IF(N18>=Scales!$P$6,"Reduce (ALARP)",IF(N18>=Scales!$P$7,"Acceptable w/ review","Acceptable")))) | Y18: =IF(COUNT(V18:X18)=0,"",MAX(V18:X18)) | Z18: =IF(OR(U18="",Y18=""),"",U18*Y18) | AA18: =IF(Z18="","",IF(Z18>=Scales!$P$5,"Intolerable",IF(Z18>=Scales!$P$6,"High",IF(Z18>=Scales!$P$7,"Medium","Low")))) | AB18: =IF(Z18="","",IF(Z18>=Scales!$P$5,"Unacceptable",IF(Z18>=Scales!$P$6,"Reduce (ALARP)",IF(Z18>=Scales!$P$7,"Acceptable w/ review","Acceptable")))) | AC18: =IF(M18="","",IF(AND(J18>=K18,J18>=L18),"Reputation",IF(AND(K18>=J18,K18>=L18),"Financial","IP"))) | AD18: =IF(AB18="","",IF(OR(AB18="Unacceptable",P18="Unacceptable"),"OPEN","Monitor"))
... M24: =IF(COUNT(J24:L24)=0,"",MAX(J24:L24)) | N24: =IF(OR(I24="",M24=""),"",I24*M24) | O24: =IF(N24="","",IF(N24>=Scales!$P$5,"Intolerable",IF(N24>=Scales!$P$6,"High",IF(N24>=Scales!$P$7,"Medium","Low")))) | P24: =IF(N24="","",IF(N24>=Scales!$P$5,"Unacceptable",IF(N24>=Scales!$P$6,"Reduce (ALARP)",IF(N24>=Scales!$P$7,"Acceptable w/ review","Acceptable")))) | Y24: =IF(COUNT(V24:X24)=0,"",MAX(V24:X24)) | Z24: =IF(OR(U24="",Y24=""),"",U24*Y24) | AA24: =IF(Z24="","",IF(Z24>=Scales!$P$5,"Intolerable",IF(Z24>=Scales!$P$6,"High",IF(Z24>=Scales!$P$7,"Medium","Low")))) | AB24: =IF(Z24="","",IF(Z24>=Scales!$P$5,"Unacceptable",IF(Z24>=Scales!$P$6,"Reduce (ALARP)",IF(Z24>=Scales!$P$7,"Acceptable w/ review","Acceptable")))) | AC24: =IF(M24="","",IF(AND(J24>=K24,J24>=L24),"Reputation",IF(AND(K24>=J24,K24>=L24),"Financial","IP"))) | AD24: =IF(AB24="","",IF(OR(AB24="Unacceptable",P24="Unacceptable"),"OPEN","Monitor"))

Sheet Scales
B2: Scoring Scales & Risk Acceptability
B4: LIKELIHOOD (L) | G4: ACCEPTABILITY (Score = L x AggImpact, 1-25) | O4: Thresholds used by formulas (do not move):
O5: Intolerable >= | P5: 16
B6: 1 | C6: Rare | D6: Not expected in 5 yrs | G6: 16 | H6: Intolerable | I6: Unacceptable - must reduce risk before proceeding | O6: High >= | P6: 10
B7: 2 | C7: Unlikely | D7: Once in 2-5 yrs | G7: 10 | H7: High | I7: Undesirable - reduce as far as possible (ALARP); justify residual | O7: Medium >= | P7: 5
B8: 3 | C8: Possible | D8: Once a year | G8: 5 | H8: Medium | I8: Acceptable with review / documented controls
B9: 4 | C9: Likely | D9: Several times a year | G9: 1 | H9: Low | I9: Broadly acceptable - no further action required
B10: 5 | C10: Almost certain | D10: Monthly or more
B12: IMPACT (1-5) per loss dimension | G12: RISK MATRIX (cell = Impa x Like)
G13: Impact\Likelihood | H13: 1 | I13: 2 | J13: 3 | K13: 4 | L13: 5
B14: 1 | C14: No external notice | D14: < $50k | E14: No proprietary exposure | G14: 5 | H14: 5 | I14: 10 | J14: 15 | K14: 20 | L14: 25
B15: 2 | C15: Local complaints | D15: $50k-$500k | E15: Minor / non-core IP exposed | G15: 4 | H15: 4 | I15: 8 | J15: 12 | K15: 16 | L15: 20
B16: 3 | C16: Negative press / social | D16: $500k-$5M | E16: Some trade secrets at risk | G16: 3 | H16: 3 | I16: 6 | J16: 9 | K16: 12 | L16: 15
B17: 4 | C17: National media / churn | D17: $5M-$50M | E17: Core IP / source code exposed | G17: 2 | H17: 2 | I17: 4 | J17: 6 | K17: 8 | L17: 10
B18: 5 | C18: Brand crisis, lasting | D18: > $50M | E18: Critical IP lost / patents void | G18: 1 | H18: 1 | I18: 2 | J18: 3 | K18: 4 | L18: 5
B20: Aggregate Impact = MAX(Reputation, Financial, IP). Risk Score = Likelihood x Aggregate Impact.

Sheet Threat Catalog
B2: Threat Catalog — STRIDE / NIST / FAIR (mapped to loss types)
B4: STRIDE category | C4: Threat | D4: Example attack | E4: Affected asset | F4: Typical control | G4: Mapped loss types
B5: Spoofing | C5: Identity spoofing | D5: Credential phishing / token theft | E5: Authentication system | F5: MFA + anomaly detection | G5: Reputation, Financial
B6: Tampering | C6: Data / parameter tampering | D6: Modify therapy or config in transit | E6: Device / API | F6: Input validation + signed payloads | G6: Financial, IP
B7: Repudiation | C7: Action repudiation | D7: Missing or alterable audit logs | E7: Logging system | F7: Tamper-evident logging | G7: Financial
B8: Information disclosure | C8: Data breach | D8: PII / PHI exfiltration | E8: Customer database | F8: Encryption at rest + DLP | G8: Reputation, Financial
B9: Denial of service | C9: Service outage | D9: Volumetric DDoS / resource exhaustion | E9: SaaS platform | F9: Rate limiting + multi-region HA | G9: Financial, Reputation
B10: Elevation of privilege | C10: Privilege escalation | D10: Exploit + lateral movement | E10: Servers / cloud accounts | F10: Least privilege + patching | G10: Financial, IP
B11: Supply chain | C11: Dependency compromise | D11: Malicious or copyleft dependency | E11: Build pipeline | F11: SBOM + licence scan + SLSA provenance | G11: IP, Financial
B12: IP theft | C12: Trade-secret exfiltration | D12: Insider copies source code | E12: Source-code repository | F12: Access monitoring + DLP + NDA | G12: IP
